City_ID,City,Country,Date,Lat,Lng,Max Temp,Humidity,Cloudiness,Wind Speed
0,Atar,MR,2020-04-14 22:07:16,20.52,-13.05,81.27,15,0,9.44
1,Provideniya,RU,2020-04-14 22:02:58,64.38,-173.3,30.2,80,90,13.42
2,East London,ZA,2020-04-14 22:04:06,-33.02,27.91,65.12,71,100,4.25
3,Puerto Ayora,EC,2020-04-14 22:04:38,-0.74,-90.35,86.0,66,75,6.93
4,Constitucion,CL,2020-04-14 22:03:27,-35.33,-72.42,62.37,50,13,10.8
5,Jamestown,US,2020-04-14 22:02:55,42.1,-79.24,41.0,41,90,11.41
6,Murgab,TM,2020-04-14 22:08:14,37.5,61.97,50.0,76,75,13.87
7,Chuy,UY,2020-04-14 22:03:39,-33.7,-53.46,58.75,87,100,25.28
8,Pangnirtung,CA,2020-04-14 22:05:34,66.15,-65.71,12.2,78,20,4.7
9,Schmallenberg,DE,2020-04-14 22:08:14,51.15,8.3,39.99,69,24,3.36
10,Jijiga,ET,2020-04-14 22:08:15,9.35,42.8,68.79,47,56,8.63
11,Faanui,PF,2020-04-14 22:05:22,-16.48,-151.75,82.69,72,24,7.43
12,Victoria Point,AU,2020-04-14 22:08:15,-27.58,153.3,70.0,82,20,8.05
13,Atbasar,KZ,2020-04-14 22:08:15,51.8,68.33,36.5,72,28,12.95
14,Ushuaia,AR,2020-04-14 22:01:16,-54.8,-68.3,48.2,76,40,5.7
15,Pore,CO,2020-04-14 22:08:16,5.73,-71.99,91.47,35,1,8.12
16,Mataura,NZ,2020-04-14 22:02:57,-46.19,168.86,44.01,94,99,4.0
17,Pahrump,US,2020-04-14 22:08:17,36.21,-115.98,68.0,8,1,5.82
18,Tasiilaq,GL,2020-04-14 22:05:41,65.61,-37.64,33.8,43,2,5.82
19,Butaritari,KI,2020-04-14 22:02:57,3.07,172.79,83.57,80,34,18.39
20,Hermanus,ZA,2020-04-14 22:04:38,-34.42,19.23,59.0,93,0,7.16
21,Mount Isa,AU,2020-04-14 22:08:18,-20.73,139.5,68.0,49,96,3.36
22,Punta Arenas,CL,2020-04-14 22:03:01,-53.15,-70.92,51.8,71,75,8.05
23,Atuona,PF,2020-04-14 22:05:00,-9.8,-139.03,82.35,68,35,6.22
24,Barrow,US,2020-04-14 22:02:58,71.29,-156.79,12.2,92,90,4.7
25,Dikson,RU,2020-04-14 22:05:23,73.51,80.55,5.97,94,22,9.93
26,Hasaki,JP,2020-04-14 22:01:49,35.73,140.83,43.0,75,20,3.36
27,Kati,ML,2020-04-14 22:08:20,12.74,-8.07,77.0,83,40,2.24
28,Yellowknife,CA,2020-04-14 22:00:19,62.46,-114.35,30.0,79,90,3.36
29,Bluff,NZ,2020-04-14 22:05:03,-46.6,168.33,44.01,94,100,4.0
30,Pilar,BR,2020-04-14 22:08:21,-9.6,-35.96,78.8,78,97,8.05
31,Flinders,AU,2020-04-14 22:03:00,-34.58,150.86,68.0,67,36,11.41
32,Busselton,AU,2020-04-14 22:04:49,-33.65,115.33,62.01,59,67,16.91
33,Kieta,PG,2020-04-14 22:08:22,-6.22,155.63,81.97,74,99,2.59
34,Vaini,TO,2020-04-14 22:02:56,-21.2,-175.2,78.8,78,75,10.29
35,Ahipara,NZ,2020-04-14 22:03:08,-35.17,173.17,61.21,68,61,17.65
36,Mantua,IT,2020-04-14 22:08:22,45.17,10.78,52.0,66,36,4.7
37,Arraial Do Cabo,BR,2020-04-14 22:05:16,-22.97,-42.03,77.0,78,40,17.22
38,Kualakapuas,ID,2020-04-14 22:08:23,-3.01,114.39,78.8,94,20,5.82
39,Lebu,CL,2020-04-14 22:03:37,-37.62,-73.65,59.13,63,49,5.68
40,Nikolskoye,RU,2020-04-14 22:03:56,59.7,30.79,34.0,98,75,4.47
41,Krasnovishersk,RU,2020-04-14 22:08:24,60.41,57.08,31.96,92,31,2.15
42,Sitka,US,2020-04-14 22:04:20,57.05,-135.33,46.4,87,90,3.36
43,Walvis Bay,NA,2020-04-14 22:07:19,-22.96,14.51,57.99,82,0,5.82
44,Sobolevo,RU,2020-04-14 22:05:33,54.43,31.9,34.32,78,17,7.74
45,Raudeberg,NO,2020-04-14 22:08:25,61.99,5.14,44.6,100,75,12.75
46,Kapaa,US,2020-04-14 22:03:49,22.08,-159.32,79.0,78,1,11.41
47,Rikitea,PF,2020-04-14 22:04:41,-23.12,-134.97,76.44,65,74,6.76
48,Broome,US,2020-04-14 22:04:13,42.25,-75.83,48.99,28,1,8.05
49,Souillac,MU,2020-04-14 22:04:37,-20.52,57.52,78.01,83,75,14.99
50,Albany,US,2020-04-14 22:04:42,42.6,-73.97,52.0,24,75,12.75
51,Lagoa,PT,2020-04-14 22:03:14,39.05,-27.98,52.84,85,100,19.82
52,Saskylakh,RU,2020-04-14 22:05:10,71.92,114.08,-2.31,90,88,15.77
53,Rio Branco,BR,2020-04-14 22:03:55,-9.97,-67.81,87.8,70,40,2.24
54,Pangody,RU,2020-04-14 22:08:27,65.85,74.49,31.68,98,100,10.83
55,Severo-Kurilsk,RU,2020-04-14 22:03:07,50.68,156.12,29.91,93,100,12.48
56,Codrington,AU,2020-04-14 22:08:29,-38.27,141.97,62.53,45,99,14.18
57,Los Llanos De Aridane,ES,2020-04-14 22:07:18,28.66,-17.92,66.2,72,75,3.36
58,Ostrovnoy,RU,2020-04-14 22:08:29,68.05,39.51,34.65,88,89,14.56
59,Kyren,RU,2020-04-14 22:08:29,51.68,102.14,32.47,60,0,1.86
60,Moose Factory,CA,2020-04-14 22:08:30,51.26,-80.61,17.6,61,90,18.34
61,Makakilo City,US,2020-04-14 22:08:30,21.35,-158.09,80.6,78,75,5.82
62,Qaanaaq,GL,2020-04-14 22:05:01,77.48,-69.36,20.57,94,100,6.89
63,Pacific Grove,US,2020-04-14 22:05:04,36.62,-121.92,77.0,49,1,8.05
64,Kodiak,US,2020-04-14 22:04:12,57.79,-152.41,42.8,87,90,8.05
65,Castro,BR,2020-04-14 22:03:00,-24.79,-50.01,62.85,65,25,3.58
66,Yar-Sale,RU,2020-04-14 22:05:25,66.83,70.83,29.97,99,100,7.74
67,Nakamura,JP,2020-04-14 22:08:32,32.98,132.93,48.83,55,100,4.03
68,Magistralnyy,RU,2020-04-14 22:08:32,56.17,107.45,31.24,83,0,0.72
69,Beloha,MG,2020-04-14 22:07:37,-25.17,45.05,77.31,67,0,7.11
70,Luanda,AO,2020-04-14 22:05:56,-8.84,13.23,80.6,83,40,11.41
71,Bilibino,RU,2020-04-14 22:03:24,68.05,166.44,9.57,85,57,1.39
72,Sibolga,ID,2020-04-14 22:07:02,1.74,98.78,78.67,78,100,2.98
73,Craigieburn,AU,2020-04-14 22:08:34,-37.6,144.95,64.0,67,72,9.17
74,Georgetown,MY,2020-04-14 22:03:05,5.41,100.34,80.6,94,20,1.99
75,Mahebourg,MU,2020-04-14 22:03:34,-20.41,57.7,78.01,83,75,14.99
76,Canatlan,MX,2020-04-14 22:08:35,24.52,-104.78,82.4,2,5,5.82
77,Ofunato,JP,2020-04-14 22:08:35,39.07,141.72,43.83,73,14,7.38
78,Luba,GQ,2020-04-14 22:08:35,3.46,8.55,80.6,100,20,3.36
79,Hofn,IS,2020-04-14 22:06:22,64.25,-15.21,38.41,73,100,16.31
80,Ancud,CL,2020-04-14 22:04:48,-41.87,-73.82,51.8,100,40,6.93
81,Hilo,US,2020-04-14 22:04:51,19.73,-155.09,78.8,74,40,8.05
82,Victoria,HK,2020-04-14 22:05:24,22.29,114.16,68.0,72,20,4.7
83,Macau,MO,2020-04-14 22:07:46,22.2,113.55,66.99,82,80,2.24
84,Jilib,SO,2020-04-14 22:08:37,0.49,42.79,81.82,75,76,5.86
85,Mbalmayo,CM,2020-04-14 22:08:38,3.52,11.5,73.4,94,20,2.1
86,Shache,CN,2020-04-14 22:08:38,38.42,77.24,63.16,18,89,17.87
87,Biloela,AU,2020-04-14 22:08:39,-24.42,150.5,63.55,82,0,10.36
88,Port Elizabeth,ZA,2020-04-14 22:05:18,-33.92,25.57,62.6,93,18,4.7
89,Nuevitas,CU,2020-04-14 22:08:39,21.55,-77.26,84.29,62,0,16.42
90,Jiayuguan,CN,2020-04-14 22:08:40,39.82,98.3,54.27,21,43,6.49
91,New Norfolk,AU,2020-04-14 22:04:55,-42.78,147.06,59.0,87,75,4.7
92,Lodwar,KE,2020-04-14 22:08:40,3.12,35.6,88.5,40,53,10.02
93,Umm Lajj,SA,2020-04-14 22:01:45,25.02,37.27,69.51,57,0,5.32
94,Arman,RU,2020-04-14 22:07:28,59.7,150.17,24.12,95,98,2.84
95,Olafsvik,IS,2020-04-14 22:08:41,64.89,-23.71,38.28,75,100,23.67
96,Mpulungu,ZM,2020-04-14 22:08:41,-8.76,31.11,74.39,62,100,4.65
97,Cidreira,BR,2020-04-14 22:05:14,-30.18,-50.21,66.11,64,10,22.12
98,Mehamn,NO,2020-04-14 22:04:12,71.04,27.85,35.6,80,75,5.82
99,Edd,ER,2020-04-14 22:08:42,13.93,41.69,81.46,66,96,5.44
100,Katangli,RU,2020-04-14 22:06:40,51.71,143.23,27.27,97,100,11.99
101,General Pico,AR,2020-04-14 22:08:43,-35.66,-63.76,66.69,34,77,3.53
102,Stavern,NO,2020-04-14 22:08:43,59.0,10.03,46.99,56,100,11.41
103,Cabo San Lucas,MX,2020-04-14 22:05:14,22.89,-109.91,84.99,38,5,6.93
104,Sibu,MY,2020-04-14 22:08:44,2.3,111.82,78.8,94,75,1.72
105,Tazmalt,DZ,2020-04-14 22:08:44,36.39,4.4,57.2,87,20,4.7
106,Hervey Bay,AU,2020-04-14 22:02:57,-25.3,152.85,68.0,88,75,6.93
107,Saint George,US,2020-04-14 22:04:08,37.1,-113.58,59.0,13,1,3.36
108,Cape Town,ZA,2020-04-14 22:02:52,-33.93,18.42,62.01,82,0,9.17
109,Haines Junction,CA,2020-04-14 22:06:39,60.75,-137.51,38.39,66,33,3.87
110,Ivdel,RU,2020-04-14 22:08:45,60.69,60.42,37.99,93,100,5.37
111,Fare,PF,2020-04-14 22:08:45,-16.7,-151.02,83.64,67,11,5.84
112,Saint-Prosper,CA,2020-04-14 22:05:56,46.21,-70.48,39.99,45,84,8.99
113,Calabazar De Sagua,CU,2020-04-14 22:08:46,22.64,-79.9,93.2,49,40,13.87
114,Narsaq,GL,2020-04-14 22:05:39,60.92,-46.05,32.0,88,40,2.24
115,Bethel,US,2020-04-14 22:05:27,41.37,-73.41,57.0,34,1,6.53
116,Fortuna,US,2020-04-14 22:00:21,40.6,-124.16,68.0,62,20,17.22
117,Saint-Augustin,CA,2020-04-14 22:08:47,51.23,-58.65,40.03,70,51,18.37
118,Ilulissat,GL,2020-04-14 22:06:13,69.22,-51.1,27.09,93,100,2.42
119,Guerrero Negro,MX,2020-04-14 22:05:15,27.98,-114.06,68.32,57,35,14.32
120,Bredasdorp,ZA,2020-04-14 22:02:55,-34.53,20.04,53.01,93,0,3.36
121,Carnarvon,AU,2020-04-14 22:03:47,-24.87,113.63,73.4,69,35,19.46
122,Grindavik,IS,2020-04-14 22:03:18,63.84,-22.43,39.2,69,75,19.46
123,Tautira,PF,2020-04-14 22:08:49,-17.73,-149.15,89.6,62,17,5.82
124,Dabakala,CI,2020-04-14 22:08:50,8.37,-4.43,85.37,53,23,4.23
125,Ponta Do Sol,PT,2020-04-14 22:05:04,32.67,-17.1,62.6,42,20,8.05
126,Pevek,RU,2020-04-14 22:06:20,69.7,170.31,8.8,91,55,0.96
127,Hobart,AU,2020-04-14 22:02:24,-42.88,147.33,59.0,87,75,4.7
128,Catamarca,AR,2020-04-14 22:04:30,-28.47,-65.79,73.0,63,46,5.01
129,Chernyshevskiy,RU,2020-04-14 22:08:36,63.01,112.47,28.18,95,95,2.24
130,Saint-Francois,FR,2020-04-14 22:08:52,46.42,3.91,44.6,48,0,6.93
131,San Cristobal,VE,2020-04-14 22:05:13,7.77,-72.22,87.8,52,40,16.11
132,Ratnagiri,IN,2020-04-14 22:08:52,16.98,73.3,78.96,78,0,4.74
133,Puerto Madero,MX,2020-04-14 22:08:53,14.72,-92.42,91.4,52,40,10.74
134,Tura,IN,2020-04-14 22:06:10,25.52,90.22,74.39,51,0,4.45
135,Levelland,US,2020-04-14 22:08:54,33.59,-102.38,48.2,45,75,5.82
136,Nioro,GM,2020-04-14 22:07:21,13.35,-15.75,86.72,22,85,10.65
137,Yankton,US,2020-04-14 22:08:54,42.87,-97.4,35.6,40,20,8.05
138,Gorontalo,ID,2020-04-14 22:08:55,0.54,123.06,75.88,89,89,2.68
139,Lorengau,PG,2020-04-14 22:07:05,-2.02,147.27,81.45,75,97,3.02
140,Sioux Lookout,CA,2020-04-14 22:08:55,50.1,-91.92,23.0,41,75,11.41
141,Filingue,NE,2020-04-14 22:08:55,14.35,3.32,88.29,11,35,5.99
142,Sao Gabriel Da Cachoeira,BR,2020-04-14 22:08:56,-0.13,-67.09,75.79,88,99,3.42
143,Rassvet,RU,2020-04-14 22:08:56,46.83,40.75,49.37,48,100,9.93
144,Petropavlovsk-Kamchatskiy,RU,2020-04-14 22:04:32,53.05,158.65,30.2,74,94,6.71
145,Turbat,PK,2020-04-14 22:08:56,26.0,63.04,83.97,38,4,3.11
146,Iqaluit,CA,2020-04-14 22:05:25,63.75,-68.51,19.4,57,75,10.29
147,Caravelas,BR,2020-04-14 22:06:37,-17.71,-39.25,77.61,85,15,5.7
148,Upernavik,GL,2020-04-14 22:04:39,72.79,-56.15,23.95,95,100,2.82
149,Mar Del Plata,AR,2020-04-14 22:02:19,-38.0,-57.56,62.01,72,20,14.99
150,Gwadar,PK,2020-04-14 22:05:36,25.12,62.33,81.07,65,0,9.31
151,Avarua,CK,2020-04-14 22:03:46,-21.21,-159.78,80.6,61,68,6.93
152,Castlemaine,AU,2020-04-14 22:08:59,-37.07,144.22,55.0,83,63,4.65
153,Khandbari,NP,2020-04-14 22:08:59,27.37,87.2,69.87,31,96,5.5
154,Pisco,PE,2020-04-14 22:04:12,-13.7,-76.22,72.0,30,30,9.17
155,Kaitangata,NZ,2020-04-14 22:02:57,-46.28,169.85,48.99,79,66,4.0
156,Cap Malheureux,MU,2020-04-14 22:09:00,-19.98,57.61,78.01,83,75,14.99
157,Bambous Virieux,MU,2020-04-14 22:05:42,-20.34,57.76,78.01,83,75,14.99
158,Mwandiga,TZ,2020-04-14 22:09:01,-4.83,29.66,71.6,88,75,0.74
159,Longyearbyen,SJ,2020-04-14 22:05:38,78.22,15.64,30.2,68,75,24.16
160,Hay River,CA,2020-04-14 22:06:36,60.82,-115.8,30.2,74,90,6.93
161,Port Alfred,ZA,2020-04-14 22:03:35,-33.59,26.89,62.01,96,85,4.0
162,Tawang,IN,2020-04-14 22:09:02,27.58,91.87,42.53,25,13,3.24
163,Manakara,MG,2020-04-14 22:09:03,-22.13,48.02,72.84,91,1,3.27
164,Iwaki,JP,2020-04-14 22:04:41,37.05,140.88,46.99,48,0,9.17
165,Hithadhoo,MV,2020-04-14 22:00:32,-0.6,73.08,84.9,65,66,2.93
166,Norman Wells,CA,2020-04-14 22:07:04,65.28,-126.83,35.6,64,75,18.34
167,Luau,AO,2020-04-14 22:09:04,-10.71,22.22,67.15,67,47,1.72
168,Ler,SS,2020-04-14 22:09:04,8.3,30.14,85.35,15,68,3.09
169,Smolenka,RU,2020-04-14 22:09:04,52.14,113.5,39.2,32,40,11.18
170,Labuhan,ID,2020-04-14 22:05:09,-6.88,112.21,78.06,83,50,2.39
171,Tiksi,RU,2020-04-14 22:04:55,71.69,128.87,9.52,95,100,9.91
172,Kavieng,PG,2020-04-14 22:03:41,-2.57,150.8,81.73,77,86,5.57
173,Tuatapere,NZ,2020-04-14 22:09:05,-46.13,167.68,44.01,94,100,4.0
174,Necochea,AR,2020-04-14 22:06:38,-38.55,-58.74,57.99,66,0,14.0
175,Lichinga,MZ,2020-04-14 22:09:06,-13.31,35.24,66.2,93,40,9.17
176,Carutapera,BR,2020-04-14 22:09:06,-1.2,-46.02,74.77,96,100,4.38
177,Ordynskoye,RU,2020-04-14 22:09:06,54.37,81.9,35.92,91,73,6.87
178,Padang,ID,2020-04-14 22:02:56,-0.95,100.35,78.53,73,66,2.75
179,Husavik,IS,2020-04-14 22:09:07,66.04,-17.34,41.0,52,75,17.22
180,Dunedin,NZ,2020-04-14 22:06:36,-45.87,170.5,48.99,68,71,1.01
181,Ometepec,MX,2020-04-14 22:09:08,16.68,-98.42,92.41,32,0,10.31
182,Kysyl-Syr,RU,2020-04-14 22:09:08,63.9,122.76,33.17,91,100,10.2
183,Zhigansk,RU,2020-04-14 22:05:44,66.77,123.37,10.51,90,3,17.76
184,Kumluca,TR,2020-04-14 22:09:09,36.37,30.29,59.97,59,65,3.18
185,Acapulco,MX,2020-04-14 22:05:41,16.86,-99.89,82.4,74,40,10.29
186,Tucupita,VE,2020-04-14 22:09:10,9.06,-62.05,90.36,41,99,7.78
187,Sokoni,TZ,2020-04-14 22:09:10,-6.43,39.55,80.6,83,20,4.7
188,Huaiyuan,CN,2020-04-14 22:09:11,32.97,117.2,51.66,78,18,2.84
189,Saint-Philippe,RE,2020-04-14 22:04:43,-21.36,55.77,75.2,88,1,19.46
190,Goundam,ML,2020-04-14 22:09:12,16.41,-3.67,86.23,34,64,26.11
191,Khatanga,RU,2020-04-14 22:03:51,71.97,102.5,-5.96,90,88,4.94
192,Goderich,CA,2020-04-14 22:05:49,43.75,-81.72,39.99,73,89,19.24
193,Northam,GB,2020-04-14 22:09:13,51.03,-4.22,44.01,86,0,7.05
194,Talnakh,RU,2020-04-14 22:02:56,69.49,88.4,-0.4,77,27,20.13
195,Behshahr,IR,2020-04-14 22:09:13,36.69,53.55,46.4,93,3,2.24
196,Samarai,PG,2020-04-14 22:08:34,-10.62,150.67,81.05,82,77,4.56
197,Nanortalik,GL,2020-04-14 22:05:48,60.14,-45.24,30.18,93,14,7.47
198,Ribeira Grande,PT,2020-04-14 22:04:38,38.52,-28.7,53.6,76,75,17.22
199,Airai,TL,2020-04-14 22:05:19,-8.93,125.41,60.4,68,86,2.3
200,Kankaanpaa,FI,2020-04-14 22:09:15,61.8,22.42,32.0,97,100,4.7
201,Pina,PH,2020-04-14 22:09:15,12.19,124.4,76.73,84,0,7.4
202,Smithers,CA,2020-04-14 22:09:15,54.78,-127.17,51.8,66,40,13.87
203,Silvan,TR,2020-04-14 22:09:16,38.14,41.01,42.8,93,0,5.82
204,Sabla,NG,2020-04-14 22:08:22,12.75,4.71,90.48,11,0,4.76
205,Manta,EC,2020-04-14 22:09:17,-0.95,-80.73,80.6,74,40,10.29
206,Oparino,RU,2020-04-14 22:09:17,59.85,48.28,34.56,85,79,10.09
207,Riverton,US,2020-04-14 22:09:18,40.52,-111.94,51.8,34,90,17.22
208,Talara,PE,2020-04-14 22:09:18,-4.58,-81.27,78.66,66,26,9.6
209,Kraslava,LV,2020-04-14 22:09:18,55.9,27.17,32.85,87,100,11.72
210,La Libertad,EC,2020-04-14 22:09:19,-2.23,-80.9,80.6,74,15,10.29
211,Lata,PT,2020-04-14 22:04:53,40.16,-8.33,63.0,77,20,6.93
212,Bichura,RU,2020-04-14 22:09:19,50.59,107.6,34.65,70,100,7.11
213,Aksu,CN,2020-04-14 22:09:19,41.12,80.26,64.98,17,67,5.28
214,Santa Cruz,BO,2020-04-14 22:04:33,-17.8,-63.17,78.8,47,75,11.41
215,Demidov,RU,2020-04-14 22:09:20,55.27,31.52,35.26,80,76,8.41
216,Bandarbeyla,SO,2020-04-14 22:03:22,9.49,50.81,82.38,74,20,8.86
217,Srednekolymsk,RU,2020-04-14 22:03:00,67.45,153.68,-5.64,89,4,0.85
218,Guadalupe Y Calvo,MX,2020-04-14 22:09:21,26.1,-106.97,71.19,8,17,12.28
219,Ayagoz,KZ,2020-04-14 22:09:21,47.97,80.44,46.44,71,100,5.95
220,Verkhnyaya Inta,RU,2020-04-14 22:09:21,65.98,60.31,28.83,94,55,8.55
221,Gunjur,GM,2020-04-14 22:09:22,13.2,-16.73,77.0,61,89,10.29
222,Mayo,US,2020-04-14 22:09:22,38.89,-76.51,57.99,50,75,10.29
223,Fairbanks,US,2020-04-14 22:07:40,64.84,-147.72,44.6,48,1,12.75
224,Alta Floresta,BR,2020-04-14 22:09:23,-9.88,-56.09,75.2,100,90,3.36
225,Kintinku,TZ,2020-04-14 22:09:23,-5.88,35.23,69.8,88,75,12.75
226,Shingu,JP,2020-04-14 22:06:55,33.73,135.98,49.53,47,83,5.99
227,Hamilton,US,2020-04-14 22:03:06,39.18,-84.53,48.99,36,75,12.75
228,Geraldton,AU,2020-04-14 22:04:39,-28.77,114.6,62.6,77,40,6.93
229,Quatre Cocos,MU,2020-04-14 22:09:24,-20.21,57.76,78.01,83,75,14.99
230,Rundu,NA,2020-04-14 22:05:11,-17.93,19.77,75.2,69,9,1.12
231,Chokurdakh,RU,2020-04-14 22:02:57,70.63,147.92,-12.05,90,1,4.99
232,Rincon,US,2020-04-14 22:09:25,32.3,-81.24,84.2,51,75,11.41
233,Aklavik,CA,2020-04-14 22:05:06,68.22,-135.01,35.6,69,75,3.36
234,Yulara,AU,2020-04-14 22:01:07,-25.24,130.99,59.0,26,10,4.7
235,Lixourion,GR,2020-04-14 22:09:26,38.2,20.43,62.01,48,100,17.13
236,Westport,US,2020-04-14 22:09:27,41.14,-73.36,57.2,45,1,8.05
237,Siniscola,IT,2020-04-14 22:09:27,40.57,9.69,53.6,93,9,2.24
238,Milkovo,RU,2020-04-14 22:09:27,54.72,158.62,27.23,87,95,2.93
239,Serebryanyy Bor,RU,2020-04-14 22:09:27,56.8,124.8,21.65,90,29,2.93
240,Kruisfontein,ZA,2020-04-14 22:04:47,-34.0,24.73,56.59,82,6,5.61
241,Piacabucu,BR,2020-04-14 22:09:28,-10.41,-36.43,78.93,68,95,5.97
242,Quimperle,FR,2020-04-14 22:09:28,47.87,-3.55,54.0,70,0,14.99
243,Yerofey Pavlovich,RU,2020-04-14 22:09:28,53.97,121.97,30.06,80,0,2.75
244,Thompson,CA,2020-04-14 22:03:52,55.74,-97.86,23.0,41,20,12.75
245,Sayyan,YE,2020-04-14 22:09:29,15.17,44.32,60.39,37,9,3.6
246,Zhangjiakou,CN,2020-04-14 22:09:29,40.81,114.88,54.16,29,100,3.2
247,Puerto Colombia,CO,2020-04-14 22:09:29,10.99,-74.95,87.8,58,20,17.22
248,Vostok,RU,2020-04-14 22:07:35,46.49,135.88,27.57,82,82,2.1
249,Sao Filipe,CV,2020-04-14 22:05:16,14.9,-24.5,73.09,75,77,15.75
250,Santa Vitoria,BR,2020-04-14 22:09:31,-18.84,-50.12,75.96,68,87,2.68
251,General Roca,AR,2020-04-14 22:09:31,-39.03,-67.58,69.8,46,55,1.12
252,Mogadishu,SO,2020-04-14 22:05:12,2.04,45.34,84.11,78,76,11.83
253,Biratnagar,NP,2020-04-14 22:09:31,26.48,87.28,80.98,35,42,4.79
254,Torbay,CA,2020-04-14 22:05:14,47.67,-52.73,48.0,93,90,19.46
255,Meulaboh,ID,2020-04-14 22:09:32,4.14,96.13,78.69,81,73,4.83
256,Port Lincoln,AU,2020-04-14 22:06:47,-34.73,135.87,69.58,33,99,14.65
257,Berezna,UA,2020-04-14 22:09:32,51.57,31.78,38.97,66,98,9.28
258,Conde,BR,2020-04-14 22:09:33,-7.26,-34.91,82.4,74,100,8.05
259,Maragogi,BR,2020-04-14 22:09:33,-9.01,-35.22,80.15,69,100,7.78
260,Durusu,TR,2020-04-14 22:09:34,41.31,28.68,64.4,55,75,13.87
261,Bouloupari,NC,2020-04-14 22:09:34,-21.87,166.05,79.0,78,97,2.24
262,Fuerte Olimpo,PY,2020-04-14 22:09:34,-21.04,-57.87,77.47,49,0,5.79
263,Katsuura,JP,2020-04-14 22:02:56,35.13,140.3,50.0,45,0,3.36
264,San Patricio,MX,2020-04-14 22:05:37,19.22,-104.7,77.0,73,5,11.41
265,Cayenne,GF,2020-04-14 22:06:52,4.93,-52.33,82.4,65,90,8.05
266,Biltine,TD,2020-04-14 22:07:47,14.53,20.92,79.65,12,2,15.59
267,Businga,CD,2020-04-14 22:09:35,3.33,20.88,76.08,76,76,0.81
268,Juneau,US,2020-04-14 22:09:11,58.3,-134.42,50.0,81,40,11.41
269,Sambava,MG,2020-04-14 22:03:47,-14.27,50.17,75.45,84,86,7.38
270,La Ronge,CA,2020-04-14 22:06:18,55.1,-105.28,30.2,39,20,10.29
271,Miraflores,MX,2020-04-14 22:09:37,19.22,-98.81,93.2,12,5,11.41
272,Kemin,KG,2020-04-14 22:09:37,42.78,75.69,48.42,49,100,4.27
273,San Joaquin,VE,2020-04-14 22:04:52,10.26,-67.79,80.11,48,1,8.97
274,Wajima,JP,2020-04-14 22:09:37,37.4,136.9,50.34,75,0,17.56
275,Yazykovo,RU,2020-04-14 22:09:38,55.22,56.14,35.46,79,62,4.21
276,Tselinnoye,RU,2020-04-14 22:09:38,53.08,85.67,37.36,87,41,3.8
277,Dumas,US,2020-04-14 22:09:39,35.87,-101.97,41.0,60,90,6.93
278,Shubarshi,KZ,2020-04-14 22:09:39,48.59,57.19,41.88,59,12,11.34
279,Zurrieq,MT,2020-04-14 22:09:40,35.83,14.47,61.0,93,75,13.87
280,Sao Joao Da Barra,BR,2020-04-14 22:05:04,-21.64,-41.05,77.0,78,3,13.87
281,Aden,YE,2020-04-14 22:06:18,12.78,45.04,82.67,77,57,14.12
282,Isangel,VU,2020-04-14 22:04:42,-19.55,169.27,79.18,76,93,8.41
283,Erdaojiang,CN,2020-04-14 22:09:41,41.78,126.03,42.39,50,24,3.78
284,Nelson Bay,AU,2020-04-14 22:04:43,-32.72,152.15,61.0,93,0,5.82
285,Rafai,CF,2020-04-14 22:09:41,4.95,23.92,74.73,56,98,1.57
286,Labuan,MY,2020-04-14 22:09:42,5.28,115.24,78.8,94,75,3.62
287,Pochutla,MX,2020-04-14 22:09:42,15.74,-96.47,89.01,74,75,10.29
288,Yeppoon,AU,2020-04-14 22:04:54,-23.13,150.73,71.6,73,75,8.05
289,Aykhal,RU,2020-04-14 22:09:43,66.0,111.5,10.4,66,18,6.71
290,Aguimes,ES,2020-04-14 22:09:43,27.91,-15.45,68.0,68,40,8.05
291,Chapais,CA,2020-04-14 22:05:26,49.78,-74.85,26.6,63,75,21.92
292,Baykit,RU,2020-04-14 22:09:00,61.67,96.37,33.96,85,67,0.65
293,Soanierana Ivongo,MG,2020-04-14 22:09:44,-16.92,49.58,74.52,87,12,2.89
294,Moussoro,TD,2020-04-14 22:09:45,13.64,16.49,83.53,11,0,10.85
295,Okhotsk,RU,2020-04-14 22:09:45,59.38,143.3,22.95,93,21,8.72
296,Ciudad Bolivar,VE,2020-04-14 22:07:02,8.12,-63.55,97.65,19,100,11.54
297,Raga,SS,2020-04-14 22:09:46,8.46,25.68,75.69,15,1,2.35
298,Clyde River,CA,2020-04-14 22:07:29,70.47,-68.59,8.6,92,20,2.24
299,Honiara,SB,2020-04-14 22:07:22,-9.43,159.95,77.0,88,40,2.24
300,Norsup,VU,2020-04-14 22:09:46,-16.07,167.38,82.4,88,75,5.82
301,Nouadhibou,MR,2020-04-14 22:09:47,20.93,-17.03,66.2,77,0,16.11
302,Yuzhno-Kurilsk,RU,2020-04-14 22:09:47,44.03,145.86,30.22,94,62,20.62
303,Doha,QA,2020-04-14 22:09:47,25.29,51.53,75.2,64,21,10.29
304,Warrington,GB,2020-04-14 22:06:38,53.39,-2.58,46.0,70,36,3.36
305,De Aar,ZA,2020-04-14 22:09:48,-30.65,24.01,54.45,48,0,13.42
306,Kavaratti,IN,2020-04-14 22:06:58,10.57,72.64,84.25,72,4,7.47
307,San Ramon De La Nueva Oran,AR,2020-04-14 22:09:48,-23.13,-64.33,70.0,73,92,1.63
308,Nizhniy Tsasuchey,RU,2020-04-14 22:09:49,50.52,115.13,43.12,41,100,11.9
309,Camana,PE,2020-04-14 22:09:49,-16.62,-72.71,74.43,64,30,7.07
310,Kismayo,SO,2020-04-14 22:09:49,-0.36,42.55,83.73,78,96,7.99
311,Verkhoyansk,RU,2020-04-14 22:09:50,67.54,133.38,15.17,93,100,4.38
312,Viedma,AR,2020-04-14 22:09:50,-40.81,-63.0,65.64,38,0,6.85
313,Trincomalee,LK,2020-04-14 22:06:04,8.57,81.23,80.28,80,15,3.31
314,Te Anau,NZ,2020-04-14 22:04:53,-45.42,167.72,40.89,69,92,0.83
315,Khani,GE,2020-04-14 22:09:51,41.96,42.96,53.6,58,0,14.99
316,Bubaque,GW,2020-04-14 22:05:23,11.28,-15.83,79.38,67,36,16.96
317,Tual,ID,2020-04-14 22:07:05,-5.67,132.75,81.68,77,100,6.31
318,Xining,CN,2020-04-14 22:07:48,36.62,101.77,46.22,19,24,2.42
319,Nichinan,JP,2020-04-14 22:09:52,31.6,131.37,51.8,81,75,6.93
320,Anadyr,RU,2020-04-14 22:09:52,64.75,177.48,10.4,85,100,4.47
321,George Town,MY,2020-04-14 22:09:53,5.41,100.34,80.6,94,20,1.99
322,Hermosillo,MX,2020-04-14 22:05:38,29.07,-110.97,87.01,20,5,5.82
323,Wiarton,CA,2020-04-14 22:09:53,44.74,-81.13,34.0,69,75,14.99
324,Bengkulu,ID,2020-04-14 22:02:56,-3.8,102.27,78.44,82,95,3.74
325,Valparaiso,CL,2020-04-14 22:09:04,-33.04,-71.63,62.6,72,0,6.93
326,Jiazi,CN,2020-04-14 22:09:54,22.88,116.07,64.02,80,90,1.5
327,Ayan,RU,2020-04-14 22:09:55,56.45,138.17,28.0,91,2,8.32
328,Rawson,AR,2020-04-14 22:03:53,-43.3,-65.1,64.06,43,0,9.73
329,Hualmay,PE,2020-04-14 22:04:23,-11.1,-77.61,76.37,66,21,9.82
330,Black River,JM,2020-04-14 22:06:19,18.03,-77.85,84.2,74,40,13.87
331,Cranbrook,CA,2020-04-14 22:09:57,49.5,-115.77,53.6,32,75,2.24
332,Woodway,US,2020-04-14 22:08:50,31.51,-97.2,60.8,50,75,9.17
333,Jinka,ET,2020-04-14 22:07:27,5.65,36.65,64.63,64,87,4.32
334,Salalah,OM,2020-04-14 22:04:45,17.02,54.09,82.4,69,40,5.82
335,Dzhebariki-Khaya,RU,2020-04-14 22:09:59,62.22,135.8,18.52,92,96,4.74
336,Banda Aceh,ID,2020-04-14 22:03:26,5.56,95.32,80.04,79,96,3.65
337,Maceio,BR,2020-04-14 22:02:34,-9.67,-35.74,78.8,78,98,8.05
338,Paka,MY,2020-04-14 22:10:00,4.64,103.44,75.2,100,79,1.12
339,Pathein,MM,2020-04-14 22:10:00,16.78,94.73,75.15,88,41,5.68
340,Nemuro,JP,2020-04-14 22:10:00,43.32,145.57,31.96,92,83,17.05
341,Bowen,AU,2020-04-14 22:10:01,-20.02,148.23,78.01,88,75,10.29
342,Pringsewu,ID,2020-04-14 22:10:01,-5.36,104.97,74.68,90,100,1.45
343,Sistranda,NO,2020-04-14 22:05:00,63.73,8.83,43.0,87,75,28.86
344,Saint-Pierre,RE,2020-04-14 22:10:02,-21.34,55.48,75.2,88,2,19.46
345,Mount Gambier,AU,2020-04-14 22:08:29,-37.83,140.77,60.8,44,98,10.29
346,Denia,ES,2020-04-14 22:07:45,38.84,0.11,62.01,86,38,7.14
347,Tuntum,BR,2020-04-14 22:10:02,-5.26,-44.65,73.78,92,99,4.56
348,Fukue,JP,2020-04-14 22:10:03,32.69,128.84,60.19,55,100,9.06
349,Sarangani,PH,2020-04-14 22:10:03,5.4,125.46,82.09,80,66,13.62
350,Port Blair,IN,2020-04-14 22:07:08,11.67,92.75,83.12,71,99,3.89
351,Tuktoyaktuk,CA,2020-04-14 22:04:43,69.45,-133.04,24.8,92,90,14.99
352,Kostino,RU,2020-04-14 22:10:04,58.91,53.27,29.43,95,0,2.75
353,Rey Bouba,CM,2020-04-14 22:10:04,8.67,14.18,89.35,29,30,3.56
354,Nizhnekamsk,RU,2020-04-14 22:10:05,55.64,51.82,39.2,80,100,13.42
355,Burns Lake,CA,2020-04-14 22:10:05,54.23,-125.75,51.4,58,97,7.9
356,Ishigaki,JP,2020-04-14 22:10:05,24.34,124.16,59.0,82,20,4.7
357,Simbahan,PH,2020-04-14 22:10:05,6.3,120.58,81.1,70,21,2.55
358,Hammerfest,NO,2020-04-14 22:10:06,70.66,23.68,32.0,93,0,19.46
359,Axim,GH,2020-04-14 22:10:06,4.87,-2.24,82.54,82,3,7.0
360,Tokur,RU,2020-04-14 22:10:06,53.13,132.9,22.69,92,0,0.47
361,Tambun,ID,2020-04-14 22:10:06,-6.26,107.07,78.8,88,20,3.36
362,Najran,SA,2020-04-14 22:03:25,17.49,44.13,73.4,56,40,1.32
363,Novikovo,RU,2020-04-14 22:10:07,51.15,37.89,49.89,65,100,12.88
364,Presidencia Roque Saenz Pena,AR,2020-04-14 22:05:42,-26.79,-60.44,69.96,41,0,4.38
365,Calabozo,VE,2020-04-14 22:10:07,8.92,-67.43,99.9,15,0,6.64
366,Gamba,GA,2020-04-14 22:06:20,-2.65,10.0,80.69,86,100,5.88
367,Lethem,GY,2020-04-14 22:10:08,3.38,-59.8,94.86,29,100,9.6
368,Colesberg,ZA,2020-04-14 22:10:08,-30.72,25.1,52.14,53,1,16.35
369,Sangar,RU,2020-04-14 22:10:09,63.92,127.47,27.79,98,100,1.3
370,Cascais,PT,2020-04-14 22:10:09,38.7,-9.42,57.99,100,40,10.29
371,Santiago De Chuco,PE,2020-04-14 22:10:09,-8.15,-78.18,54.46,35,93,7.31
372,Vardo,NO,2020-04-14 22:06:35,70.37,31.11,35.6,93,75,10.29
373,Karasjok,NO,2020-04-14 22:10:09,69.47,25.51,32.0,97,90,17.22
374,Maniitsoq,GL,2020-04-14 22:10:10,65.42,-52.9,27.64,92,100,9.35
375,Novopskov,UA,2020-04-14 22:10:10,49.55,39.09,47.97,60,100,12.28
376,Tarakan,ID,2020-04-14 22:10:10,3.3,117.63,76.42,80,27,2.95
377,Killybegs,IE,2020-04-14 22:04:42,54.63,-8.45,39.99,92,51,1.99
378,Stephenville,US,2020-04-14 22:08:25,32.22,-98.2,57.2,50,40,8.05
379,Broken Hill,AU,2020-04-14 22:10:12,-31.95,141.43,53.6,46,35,9.17
380,Vila Franca Do Campo,PT,2020-04-14 22:04:59,37.72,-25.43,59.0,72,75,4.7
381,Mbumi,TZ,2020-04-14 22:10:12,-7.91,39.21,79.2,86,98,7.25
382,Trelleborg,SE,2020-04-14 22:10:13,55.38,13.16,45.0,77,90,16.11
383,Koumac,NC,2020-04-14 22:06:55,-20.57,164.28,77.23,79,94,5.79
384,Sisimiut,GL,2020-04-14 22:05:22,66.94,-53.67,25.72,94,100,4.61
385,Jiwani,PK,2020-04-14 22:10:14,25.05,61.74,80.31,70,0,9.89
386,Poso,ID,2020-04-14 22:07:06,-1.4,120.75,78.35,69,100,3.18
387,Cartagena,CO,2020-04-14 22:10:14,10.4,-75.51,86.0,70,40,8.05
388,Vinh,VN,2020-04-14 22:10:15,18.67,105.67,67.23,85,100,2.17
389,Kota Kinabalu,MY,2020-04-14 22:09:07,5.97,116.07,77.0,88,20,3.36
390,Lasa,IT,2020-04-14 22:10:15,46.62,10.7,57.2,47,5,6.93
391,Ust-Nera,RU,2020-04-14 22:10:15,64.57,143.2,9.5,84,72,2.51
392,Hambantota,LK,2020-04-14 22:10:16,6.12,81.12,80.73,82,74,6.04
393,Trairi,BR,2020-04-14 22:05:07,-3.28,-39.27,80.24,76,96,4.27
394,Scottsboro,US,2020-04-14 22:08:10,34.67,-86.03,59.0,41,20,9.17
395,Svetlogorsk,BY,2020-04-14 22:10:17,52.63,29.73,35.56,74,1,9.31
396,Mayskiy,RU,2020-04-14 22:10:17,47.69,40.1,50.0,61,100,4.47
397,Hovd,MN,2020-04-14 22:10:18,48.01,91.64,43.45,48,99,2.19
398,Rauma,FI,2020-04-14 22:10:18,61.13,21.51,32.0,87,100,4.7
399,Puqi,CN,2020-04-14 22:10:18,29.72,113.88,57.79,74,1,5.19
400,Poum,NC,2020-04-14 22:10:19,-20.23,164.02,78.48,79,100,13.27
401,Emirdag,TR,2020-04-14 22:10:19,39.02,31.15,52.92,35,94,7.96
402,Bukama,CD,2020-04-14 22:07:04,-9.2,25.85,71.65,76,49,1.57
403,Sola,VU,2020-04-14 22:10:19,-13.88,167.55,82.4,94,75,21.27
404,Naze,JP,2020-04-14 22:06:38,28.37,129.48,57.2,82,75,3.36
405,Peregu Mare,RO,2020-04-14 22:10:20,46.23,20.9,41.0,86,29,6.93
406,Forio,IT,2020-04-14 22:10:20,40.73,13.86,57.0,62,82,16.11
407,Taldan,RU,2020-04-14 22:10:21,53.67,124.8,28.53,87,0,3.24
408,Corinto,GR,2020-04-14 22:10:21,37.94,22.96,64.0,63,40,3.62
409,Port-De-Bouc,FR,2020-04-14 22:10:21,43.4,4.98,60.01,47,0,3.36
410,Qarayeri,AZ,2020-04-14 22:10:21,40.79,46.31,46.4,81,20,4.7
411,Atasu,KZ,2020-04-14 22:10:22,48.68,71.64,36.28,67,15,7.25
412,Binzhou,CN,2020-04-14 22:10:22,37.37,118.02,62.01,36,9,6.69
413,Nome,US,2020-04-14 22:04:39,64.5,-165.41,34.0,86,90,17.22
414,Port-Cartier,CA,2020-04-14 22:10:23,50.03,-66.87,44.6,36,20,23.04
415,Ahuimanu,US,2020-04-14 22:10:23,21.44,-157.84,80.6,57,20,5.82
416,Miyoshi,JP,2020-04-14 22:10:24,35.08,137.07,51.01,57,29,12.75
417,Coruripe,BR,2020-04-14 22:06:22,-10.13,-36.18,79.92,67,88,7.94
418,Zonguldak,TR,2020-04-14 22:10:24,41.25,31.83,54.0,56,98,6.04
419,Kenitra,MA,2020-04-14 22:05:59,34.26,-6.58,64.0,77,75,8.05
420,Lompoc,US,2020-04-14 22:00:58,34.64,-120.46,75.0,72,1,14.99
421,San Isidro,PE,2020-04-14 22:10:25,-12.12,-77.05,78.8,61,0,13.87
422,Comodoro Rivadavia,AR,2020-04-14 22:10:25,-45.87,-67.5,62.6,51,1,9.17
423,Polczyn-Zdroj,PL,2020-04-14 22:10:26,53.76,16.1,43.0,83,11,9.44
424,Alenquer,BR,2020-04-14 22:10:26,-1.94,-54.74,84.2,74,75,2.24
425,Shimoda,JP,2020-04-14 22:07:07,34.67,138.95,57.67,56,0,1.16
426,Fortuna Foothills,US,2020-04-14 22:10:27,32.66,-114.41,84.2,10,1,17.22
427,Skowhegan,US,2020-04-14 22:10:27,44.77,-69.72,54.0,32,1,6.93
428,Teya,RU,2020-04-14 22:10:27,60.38,92.63,33.98,83,0,2.01
429,Dingle,PH,2020-04-14 22:05:28,11.0,122.67,77.4,85,5,5.46
430,Isiolo,KE,2020-04-14 22:10:28,0.35,37.58,70.3,53,100,4.92
431,Naples,IT,2020-04-14 22:10:28,40.83,14.25,57.0,62,88,16.11
432,Christchurch,NZ,2020-04-14 22:04:49,-43.53,172.63,51.01,53,3,11.41
433,Great Falls,US,2020-04-14 22:07:58,47.5,-111.3,48.99,45,75,9.17
434,Pudozh,RU,2020-04-14 22:10:29,61.81,36.53,33.33,90,100,4.47
435,Guiratinga,BR,2020-04-14 22:10:29,-16.35,-53.76,77.92,72,99,2.82
436,Ekhabi,RU,2020-04-14 22:10:29,53.51,142.97,27.28,97,100,12.37
437,Esperance,AU,2020-04-14 22:05:37,-33.87,121.9,62.6,93,90,6.93
438,Visby,SE,2020-04-14 22:10:30,57.64,18.3,44.01,70,92,13.87
439,Kayes,ML,2020-04-14 22:10:30,14.0,-11.0,93.2,44,97,2.24
440,Kiruna,SE,2020-04-14 22:07:29,67.86,20.23,26.6,68,100,8.05
441,Matagami,CA,2020-04-14 22:08:49,49.75,-77.63,28.4,63,90,14.99
442,Kuusamo,FI,2020-04-14 22:10:31,65.97,29.18,28.4,92,99,5.82
443,Fairview,US,2020-04-14 22:10:32,40.81,-74.0,57.99,30,20,4.7
444,Chimore,BO,2020-04-14 22:10:32,-16.98,-65.13,67.15,87,100,3.2
445,Tomatlan,MX,2020-04-14 22:10:32,19.93,-105.25,87.49,29,22,8.88
446,Annau,TM,2020-04-14 22:10:33,37.89,58.52,46.4,81,40,4.7
447,Kolvereid,NO,2020-04-14 22:10:33,64.87,11.6,39.72,82,93,15.19
448,Muisne,EC,2020-04-14 22:10:33,0.6,-80.03,84.2,79,75,4.7
449,Kovdor,RU,2020-04-14 22:10:33,67.57,30.48,32.68,90,100,4.21
450,Talcahuano,CL,2020-04-14 22:10:34,-36.72,-73.12,60.8,67,3,11.41
451,Kahului,US,2020-04-14 22:05:40,20.89,-156.47,78.8,74,1,4.7
452,Arkadelphia,US,2020-04-14 22:10:34,34.12,-93.05,53.6,50,90,4.7
453,Mengcheng,CN,2020-04-14 22:10:35,33.26,116.57,51.35,76,47,2.86
454,Oranjemund,NA,2020-04-14 22:05:16,-28.55,16.43,57.06,84,62,11.83
455,Namatanai,PG,2020-04-14 22:03:09,-3.67,152.43,81.36,77,100,5.39
456,Qui Nhon,VN,2020-04-14 22:10:35,13.77,109.23,75.25,84,96,6.22
457,Richards Bay,ZA,2020-04-14 22:08:50,-28.78,32.04,67.33,89,100,24.23
458,Cao Bang,VN,2020-04-14 22:10:36,22.67,106.25,59.56,78,98,1.92
459,Galveston,US,2020-04-14 22:10:36,29.37,-94.97,72.0,49,1,13.87
460,Riyadh,SA,2020-04-14 22:06:43,24.69,46.72,69.8,22,40,10.29
461,Santa Fe,AR,2020-04-14 22:06:17,-31.63,-60.7,70.0,43,63,1.99
462,Vila Velha,BR,2020-04-14 22:09:24,-20.33,-40.29,77.0,73,10,6.93
463,Sabha,LY,2020-04-14 22:04:39,27.04,14.43,85.93,11,9,12.03
464,Roald,NO,2020-04-14 22:10:37,62.58,6.13,43.0,93,100,17.22
465,Ndjole,GA,2020-04-14 22:10:38,-0.18,10.76,77.36,90,100,2.51
466,Bathsheba,BB,2020-04-14 22:10:38,13.22,-59.52,82.4,65,40,14.99
467,Bhilwara,IN,2020-04-14 22:09:04,25.35,74.63,87.1,20,92,11.36
468,Bacolod,PH,2020-04-14 22:10:39,10.67,122.95,78.01,80,4,4.38
469,Faya,SA,2020-04-14 22:10:39,18.39,42.45,64.4,88,20,6.93
470,Klaksvik,FO,2020-04-14 22:05:22,62.23,-6.59,46.4,93,100,17.22
471,Ponta Delgada,PT,2020-04-14 22:10:39,37.73,-25.67,57.2,87,40,3.36
472,Deputatskiy,RU,2020-04-14 22:07:39,69.3,139.9,-4.94,84,99,3.58
473,Luderitz,NA,2020-04-14 22:04:56,-26.65,15.16,60.8,72,88,14.99
474,Qaqortoq,GL,2020-04-14 22:10:41,60.72,-46.03,32.0,91,40,4.7
475,Eyrarbakki,IS,2020-04-14 22:10:41,63.86,-21.15,39.2,69,90,13.87
476,Rio Grande,BR,2020-04-14 22:08:45,-32.03,-52.1,60.01,83,99,4.0
477,Arroyo,ES,2020-04-14 22:10:41,41.61,-4.8,55.0,87,100,6.93
478,Leningradskiy,RU,2020-04-14 22:10:42,69.38,178.42,10.56,92,97,3.8
479,Grand Gaube,MU,2020-04-14 22:10:42,-20.01,57.66,78.01,83,75,14.99
480,Palmas Bellas,PA,2020-04-14 22:10:43,9.23,-80.09,82.0,88,40,8.05
481,Ayotzintepec,MX,2020-04-14 22:10:43,17.67,-96.13,102.74,26,21,6.26
482,Cherskiy,RU,2020-04-14 22:03:43,68.75,161.3,8.13,95,82,10.25
483,Bontang,ID,2020-04-14 22:03:29,0.13,117.5,78.67,84,41,8.72
484,Karpogory,RU,2020-04-14 22:10:44,64.0,44.45,35.58,87,100,11.95
485,Muli,MV,2020-04-14 22:10:44,2.92,73.57,85.05,65,3,0.72
486,Camabatela,AO,2020-04-14 22:05:45,-8.19,15.38,65.86,69,100,0.98
487,Cockburn Town,TC,2020-04-14 22:10:45,21.46,-71.14,78.71,82,24,16.93
488,Half Moon Bay,US,2020-04-14 22:03:06,37.46,-122.43,79.0,18,5,5.82
489,Luis Correia,BR,2020-04-14 22:10:46,-2.88,-41.67,82.4,88,20,4.7
490,Taltal,CL,2020-04-14 22:03:36,-25.4,-70.48,65.53,67,56,2.62
491,Emerald,AU,2020-04-14 22:10:46,-23.53,148.17,64.4,82,0,9.17
492,Nishihara,JP,2020-04-14 22:07:25,26.18,127.76,62.6,63,75,2.33
493,Yerbogachen,RU,2020-04-14 22:06:49,61.28,108.01,32.45,85,67,3.74
494,Carahue,CL,2020-04-14 22:10:47,-38.7,-73.17,66.2,39,100,3.36
495,North Bend,US,2020-04-14 22:10:47,43.41,-124.22,69.01,71,1,18.34
496,Sinnamary,GF,2020-04-14 22:03:27,5.38,-52.95,80.2,71,43,8.19
497,Caldwell,US,2020-04-14 22:10:48,43.66,-116.69,64.4,17,20,9.17
498,Saint-Joseph,RE,2020-04-14 22:08:28,-21.37,55.62,75.2,88,1,19.46
499,Anshun,CN,2020-04-14 22:10:48,26.25,105.93,50.07,62,1,3.85
500,Sandnessjoen,NO,2020-04-14 22:10:48,66.02,12.63,41.0,86,75,13.87
501,Vila,PT,2020-04-14 22:05:15,42.03,-8.16,60.01,87,79,6.93
502,Miracema Do Tocantins,BR,2020-04-14 22:10:49,-9.56,-48.4,73.22,88,100,5.86
503,Port Hedland,AU,2020-04-14 22:03:47,-20.32,118.57,77.0,88,24,4.7
504,Linhares,BR,2020-04-14 22:10:49,-19.39,-40.07,72.86,83,41,3.78
505,Amapa,BR,2020-04-14 22:07:15,1.0,-52.0,72.82,94,100,1.63
506,Lucea,JM,2020-04-14 22:10:50,18.45,-78.17,84.2,70,75,12.75
507,Alice Springs,AU,2020-04-14 22:10:50,-23.7,133.88,53.6,46,46,4.7
508,Plettenberg Bay,ZA,2020-04-14 22:10:51,-34.05,23.37,59.63,77,0,3.91
509,Lusambo,CD,2020-04-14 22:10:51,-4.97,23.45,74.66,75,6,1.57
510,Kentau,KZ,2020-04-14 22:10:52,43.52,68.51,43.21,49,14,7.87
511,Praia,CV,2020-04-14 22:10:52,14.92,-23.51,73.4,69,24,19.46
512,Touros,BR,2020-04-14 22:08:43,-5.2,-35.46,82.4,78,75,6.93
513,San Lorenzo,PY,2020-04-14 22:10:52,-25.33,-57.53,71.6,35,0,12.75
514,Ketchikan,US,2020-04-14 22:10:53,55.34,-131.65,48.2,93,90,6.93
515,Gimli,CA,2020-04-14 22:10:53,50.63,-96.99,28.0,58,99,8.99
516,Buritis,BR,2020-04-14 22:10:53,-15.62,-46.42,73.96,71,31,4.27
517,Prince Rupert,CA,2020-04-14 22:10:54,54.32,-130.32,46.4,100,90,4.7
518,Imaculada,BR,2020-04-14 22:10:54,-7.39,-37.51,71.71,53,96,2.86
519,Soe,ID,2020-04-14 22:10:55,-9.86,124.28,66.56,82,80,2.59
520,Sabang,ID,2020-04-14 22:05:13,5.89,95.32,82.99,77,99,5.82
521,Mae Sai,TH,2020-04-14 22:10:55,20.43,99.88,72.0,100,52,3.36
522,Nabire,ID,2020-04-14 22:10:55,-3.37,135.48,76.57,88,89,3.8
523,Yukhnov,RU,2020-04-14 22:10:55,54.74,35.23,37.72,70,100,5.44
524,Januaria,BR,2020-04-14 22:10:56,-15.48,-44.37,74.73,72,1,2.91
525,Dori,BF,2020-04-14 22:10:56,14.04,-0.03,91.81,10,0,8.59
526,Quang Ngai,VN,2020-04-14 22:06:00,15.12,108.8,73.8,85,100,1.63
527,Kinablangan,PH,2020-04-14 22:10:57,7.69,126.55,76.3,79,8,4.79
528,Goba,ET,2020-04-14 22:10:57,7.02,39.98,52.12,39,29,3.2
529,Yumen,CN,2020-04-14 22:06:04,40.28,97.2,54.43,26,2,6.31
530,Redlands,US,2020-04-14 22:10:58,34.06,-117.18,82.4,14,20,10.29
531,Saldanha,ZA,2020-04-14 22:03:07,-33.01,17.94,59.0,82,0,3.36
532,Rio Gallegos,AR,2020-04-14 22:10:59,-51.62,-69.22,60.8,36,22,3.36
533,Bemidji,US,2020-04-14 22:09:03,47.47,-94.88,25.0,48,90,10.29
534,Berlevag,NO,2020-04-14 22:10:59,70.86,29.09,32.0,93,90,13.87
535,Shanghai,CN,2020-04-14 22:08:53,31.22,121.46,60.01,67,100,4.47
536,Columbus,US,2020-04-14 22:10:00,39.96,-83.0,45.0,39,90,13.87
537,Boguchany,RU,2020-04-14 22:07:20,58.38,97.45,34.54,84,11,2.55
538,Norrtalje,SE,2020-04-14 22:11:01,59.76,18.7,41.0,93,75,10.29
539,Aleppo,SY,2020-04-14 22:11:01,36.25,37.5,59.68,32,0,6.44
540,Namikupa,TZ,2020-04-14 22:11:02,-10.83,39.6,71.17,91,92,1.9
541,Marienburg,PL,2020-04-14 22:11:02,54.04,19.03,39.99,64,16,13.87
542,High Level,CA,2020-04-14 22:00:31,58.52,-117.14,44.6,42,75,19.46
543,Zambezi,ZM,2020-04-14 22:11:03,-13.54,23.1,67.46,61,2,3.6
544,Seaforth,JM,2020-04-14 22:06:25,17.94,-76.46,86.0,70,20,18.34
545,Sembakung,ID,2020-04-14 22:11:04,3.82,117.25,72.25,94,33,2.64
546,Surgut,RU,2020-04-14 22:11:04,61.25,73.42,41.0,52,100,11.18
547,Laguna,US,2020-04-14 22:04:57,38.42,-121.42,80.6,15,1,10.29
548,Boshnyakovo,RU,2020-04-14 22:11:05,49.63,142.17,26.94,93,31,17.25
549,San Quintin,MX,2020-04-14 22:11:05,30.48,-115.95,65.37,66,0,13.73
550,Mamallapuram,IN,2020-04-14 22:11:06,12.63,80.17,82.99,88,40,3.51
551,Denpasar,ID,2020-04-14 22:08:53,-8.65,115.22,80.6,88,20,3.36
552,Makokou,GA,2020-04-14 22:11:06,0.57,12.86,74.46,77,92,2.13
553,The Pas,CA,2020-04-14 22:11:06,53.83,-101.25,26.6,35,1,5.82
554,Chicama,PE,2020-04-14 22:05:05,-7.84,-79.15,78.62,61,32,8.75
555,Muravlenko,RU,2020-04-14 22:11:07,63.79,74.52,33.37,93,94,12.62
556,Udachnyy,RU,2020-04-14 22:02:43,66.42,112.4,10.4,66,0,6.71
557,Koidu,SL,2020-04-14 22:11:08,8.42,-10.83,76.95,82,92,3.44
558,Shenjiamen,CN,2020-04-14 22:11:08,29.96,122.3,55.4,87,100,11.9
559,Yanacancha,PE,2020-04-14 22:11:09,-10.24,-76.65,51.04,23,47,1.41
560,Gat,IL,2020-04-14 22:06:31,31.61,34.76,64.4,82,75,2.24
561,Bathurst,AU,2020-04-14 22:11:09,-33.42,149.58,51.94,55,47,0.58
562,Pabbi,PK,2020-04-14 22:11:10,34.01,71.8,64.4,88,75,9.17
563,Okulovka,RU,2020-04-14 22:11:10,58.4,33.29,33.42,88,89,8.93
